ts,universe_id,playing,visits
2026-09-17T14:11Z,10563114921,2243416,3791503617
2026-09-17T14:11Z,9584852943,126669,5902227524
2026-09-17T14:11Z,7709344486,88798,73495373665
2026-09-17T14:11Z,5750914919,77357,4908861237
2026-09-17T14:11Z,10708913337,44266,16729310
2026-09-17T14:11Z,5361032378,42006,2168487915
2026-09-17T14:11Z,10681914462,32108,36956232
2026-09-17T14:11Z,5578556129,28369,2045141764
2026-09-17T14:11Z,10004244222,25242,1840163597
2026-09-17T14:11Z,7436755782,24108,35915744617
2026-09-17T14:11Z,1831550657,24923,2218670771
2026-09-17T14:11Z,10399136326,21470,75347212
2026-09-17T14:11Z,10144280947,20937,585954027
2026-09-17T14:11Z,10577682617,18293,19909589
2026-09-17T14:11Z,3310460039,16988,4680240936
2026-09-17T14:11Z,7613921865,17387,789042712
2026-09-17T14:11Z,10747748563,15260,6007608
2026-09-17T14:11Z,10502841145,15774,87508089
2026-09-17T14:11Z,10737231383,13824,8461524
2026-09-17T14:11Z,9592387369,13641,40780555
2026-09-17T14:11Z,2992873140,13979,1423345975
2026-09-17T14:11Z,10338952197,12084,106849519
2026-09-17T14:11Z,10144587520,11644,75054353
2026-09-17T14:11Z,10199301628,10842,415329257
2026-09-17T14:11Z,10718240577,10542,9850969
2026-09-17T14:11Z,10551595617,10777,84171098
2026-09-17T14:11Z,10694549945,9344,12474478
2026-09-17T14:11Z,9098570654,10028,259942743
2026-09-17T14:11Z,10764926550,9190,7474520
2026-09-17T14:11Z,1526814825,9197,1111554724
2026-09-17T14:11Z,7094518649,8776,363675437
2026-09-17T14:11Z,10682099418,8527,12427868
2026-09-17T14:11Z,10321202755,8526,48760429
2026-09-17T14:11Z,10110316965,7166,16015390
2026-09-17T14:11Z,9296042754,6900,74894313
2026-09-17T14:11Z,10298144467,6696,36151353
2026-09-17T14:11Z,10604772590,6659,22468848
2026-09-17T14:11Z,10700505394,6462,27767460
2026-09-17T14:11Z,2274830359,6430,3020867966
2026-09-17T14:11Z,10757504146,6234,10530464
2026-09-17T14:11Z,9348272796,6151,733332160
2026-09-17T14:11Z,10764328008,6126,5174240
2026-09-17T14:11Z,3079618996,6266,805250114
2026-09-17T14:11Z,10536000210,6298,6810804
2026-09-17T14:11Z,10351850295,6214,31688832
2026-09-17T14:11Z,4518160318,6219,649728207
2026-09-17T14:11Z,10683945170,6170,14707576
2026-09-17T14:11Z,9145063979,6098,576732440
2026-09-17T14:11Z,4944984948,5498,292079862
2026-09-17T14:11Z,1489026993,5070,2683612465
2026-09-17T14:11Z,10605467256,5418,32693573
2026-09-17T14:11Z,7434179990,5448,246154326
2026-09-17T14:11Z,2369077151,5020,419301196
2026-09-17T14:11Z,9582986239,5222,11735617
2026-09-17T14:11Z,6682487255,5167,511912187
2026-09-17T14:11Z,10253235584,5117,63132271
2026-09-17T14:11Z,10757498504,4979,2059072
2026-09-17T14:11Z,10496981141,4772,15553543
2026-09-17T14:11Z,9363735110,5188,5715579238
2026-09-17T14:11Z,10200395747,4683,1671412437
2026-09-17T14:11Z,8791358380,4745,453874485
2026-09-17T14:11Z,8356066619,4741,87491773
2026-09-17T14:11Z,8724785394,4649,3443445
2026-09-17T14:11Z,7058980030,4285,618249246
2026-09-17T14:11Z,10244001346,4509,109978855
2026-09-17T14:11Z,10455462279,4390,50974914
2026-09-17T14:11Z,10461810987,4300,27597984
2026-09-17T14:11Z,3754482795,4229,1290272218
2026-09-17T14:11Z,4998493959,4222,251079423
2026-09-17T14:11Z,10184247393,4010,100391821
2026-09-17T14:11Z,4925331346,4143,323883774
2026-09-17T14:11Z,6015491985,3482,369955868
2026-09-17T14:11Z,9998576154,3802,124652565
2026-09-17T14:11Z,9362896961,3884,154726162
2026-09-17T14:11Z,31970568,3951,1616632089
2026-09-17T14:11Z,10431718987,3720,36923463
2026-09-17T14:11Z,10153098880,3719,32460595
2026-09-17T14:11Z,8401518398,3613,105826430
2026-09-17T14:11Z,7127084123,3499,155255534
2026-09-17T14:11Z,9953328866,3320,58384221
2026-09-17T14:11Z,903807016,3596,1583012140
2026-09-17T14:11Z,10351246089,3342,2345958
2026-09-17T14:11Z,10471583973,3227,28245570
2026-09-17T14:11Z,2471084,3159,1313173879
2026-09-17T14:11Z,10065013948,2974,70078930
2026-09-17T14:11Z,10263732883,3145,3460867
2026-09-17T14:11Z,9940812243,2911,13407392
2026-09-17T14:11Z,10274447949,2862,52748751
2026-09-17T14:11Z,7082423811,2888,297058397
2026-09-17T14:11Z,10247797619,2777,66665572
2026-09-17T14:11Z,2788648141,2767,1007416964
2026-09-17T14:11Z,2655478023,2577,1029529925
2026-09-17T14:11Z,10156435104,2744,60791251
2026-09-17T14:11Z,8504461817,2547,195824157
2026-09-17T19:56Z,66654135,251219,30557494797
2026-09-17T19:56Z,7219654364,56943,1771491988
2026-09-17T19:56Z,2440500124,43794,7733099442
2026-09-17T19:56Z,3647333358,23348,9188445242
2026-09-17T19:56Z,9561553764,13616,221794037
2026-09-17T19:56Z,7018190066,10399,6566850506
2026-09-17T19:56Z,4348829796,8962,2687717242
2026-09-17T19:56Z,7028566528,5947,1133550992
2026-09-17T19:56Z,6749060816,5659,281760235
2026-09-17T19:56Z,10683945170,4907,14891690
2026-09-17T19:56Z,7856039629,4960,56544949
2026-09-17T19:56Z,9141743926,4058,451633723
2026-09-17T19:56Z,8539298853,3888,1290476978
2026-09-17T19:56Z,1489026993,3433,2683725396
2026-09-17T19:56Z,4793836769,3168,310194583
2026-09-17T19:56Z,9481391333,2888,31245405
2026-09-17T19:56Z,5508238359,2896,112073538
2026-09-17T19:56Z,3187874989,2646,182555530
2026-09-17T19:56Z,10376944238,2526,52181383
2026-09-17T19:56Z,2294168059,2242,1253447754
2026-09-17T19:56Z,2655478023,1931,1029634873
2026-09-17T19:56Z,1998835206,1949,591207635
2026-09-17T19:56Z,7208219743,1890,10627182
2026-09-17T19:56Z,6072944764,1833,57674457
2026-09-17T19:56Z,2247578975,1830,1230035245
2026-09-17T19:56Z,7339682753,1653,74631783
2026-09-17T19:56Z,2049551477,1479,1480524417
2026-09-17T19:56Z,1430007363,1520,916082223
2026-09-17T19:56Z,10381830868,1265,3069225
2026-09-17T19:56Z,8504461817,1192,195895826
2026-09-17T19:56Z,2491559356,1154,87102676
2026-09-17T19:56Z,4673599750,1241,546666091
2026-09-17T19:56Z,3346892457,1112,451038452
2026-09-17T19:56Z,9889811676,1039,28418362
2026-09-17T19:56Z,9526307912,1017,
2026-09-17T19:56Z,1637284552,1016,
2026-09-17T19:56Z,3841172115,916,157238926
2026-09-17T19:56Z,7128163167,939,80151860
2026-09-17T19:56Z,4720386144,890,122475927
2026-09-17T19:56Z,3472976893,875,187684753
2026-09-17T19:56Z,8950496606,930,178811080
2026-09-17T19:56Z,9219116196,963,100703074
2026-09-17T19:56Z,1198533421,838,183277459
2026-09-17T19:56Z,3551414857,838,636706027
2026-09-17T19:56Z,7891669427,750,41358104
2026-09-17T19:56Z,3502524667,799,764084580
2026-09-17T19:56Z,7383133134,730,114405625
2026-09-17T19:56Z,5668114043,729,246159849
2026-09-17T19:56Z,5195168716,750,102020379
2026-09-17T19:56Z,7577791613,736,110493495
2026-09-17T19:56Z,8759966530,749,126616804
2026-09-17T19:56Z,1795206523,627,960193898
2026-09-17T19:56Z,6635513269,746,1211103
